"Item","Part","Quantity","Purchase Unit","Unit Price (USD)","Line Total (USD)","Supplier","Part Number","Link","Price Checked","Availability at Check","Notes"
"MCU","Adafruit ESP32 Feather V2 - PCB antenna version","1","board","19.95","19.95","Adafruit","5400","https://www.adafruit.com/product/5400","2026-09-02","In stock on product page","Bluetooth LE controller with USB-C and STEMMA QT; antenna and USB programming interface included. Firmware must enable the switched STEMMA QT power supply."
"IMU","Adafruit ISM330DHCX 6-DoF accelerometer and gyroscope","1","board","19.95","19.95","Adafruit","4502","https://www.adafruit.com/product/4502","2026-09-02","In stock on product page","Fixed vehicle-motion sensor. Uses 3.3 V I2C via STEMMA QT; rigidly fasten the board to the enclosure."
"GNSS","Adafruit Mini GPS PA1010D - UART and I2C","1","board","29.95","29.95","Adafruit","4415","https://www.adafruit.com/product/4415","2026-09-02","In stock on product page","Dedicated GNSS receiver with integrated patch antenna. Use I2C; no separate antenna required. Sky-facing placement and reception testing required; accuracy gains over iPhone are unverified."
"I2C-CABLE","STEMMA QT / Qwiic JST SH 4-pin cable - 100 mm","2","cable","0.95","1.90","Adafruit","4210","https://www.adafruit.com/product/4210","2026-09-02","In stock on product page","Two cables total: Feather to IMU and IMU to GPS. Carries regulated power and I2C data; cables are not included with sensor boards."
"CASE","Small plastic project enclosure with clear top","1","enclosure","9.95","9.95","Adafruit","903 / DS-AT-0811-S","https://www.adafruit.com/product/903","2026-09-02","In stock on product page","110 x 80 x 45 mm external size; includes lid screws. Allow for a USB cable opening and new board mounting holes. Final internal layout still needs a fit check; modified enclosure has no verified weatherproof rating."
"FASTENERS","White nylon M2.5 machine screw and standoff set","1","420-piece kit","14.95","14.95","Adafruit","3658","https://www.adafruit.com/product/3658","2026-09-02","In stock on product page","One full retail kit budgeted; only a subset is used. For board mounting through matching new enclosure holes. These do not thread into the enclosure's existing M4 bosses."
"USB-CABLE","USB Type-A to Type-C data and power cable - approx. 1 m","1","cable","4.95","4.95","Adafruit","4474","https://www.adafruit.com/product/4474","2026-09-02","In stock on product page","Connects the car USB adapter to the Feather USB-C port and supports computer programming. Budget assumes a mounting position reachable with a safely routed 1 m cable."
"POWER","Belkin BoostCharge dual USB-A car charger - 24 W","1","adapter","19.99","19.99","Belkin","CCB001btBK","https://www.belkin.com/p/dual-usb-a-car-charger-24w/CCB001btBK.html","2026-09-02","Add to Cart available","Regulated USB power from an existing vehicle accessory socket. Included for a complete purchase budget; may be omitted if a suitable existing USB power source is available."
"MOUNT","3M Super Strength Molding Tape - 1/2 in x 15 ft","1","roll","14.99","14.99","AutoZone","03614 / SKU 517047","https://www.autozone.com/p/3m-molding-tape-03614/517047","2026-09-02","Price from indexed retailer listing; local availability unverified","One full retail roll budgeted; only a short section is used. Proposed enclosure mount for a compatible rigid surface. Adhesion and mount security need verification; keep clear of airbags and the driver's view."
